{
    "ebay.com": {
        "ipv4_addr": [
            " 23.67.33.31",
            " 23.67.33.5"
        ],
        "ipv6_addr": [],
        "scan_time": 1732942015.8566308
    },
    "google.com": {
        "ipv4_addr": [
            " 2607:f8b0:400a:806::200e",
            " 2607:f8b0:400a:804::200e"
        ],
        "ipv6_addr": [],
        "scan_time": 1732942016.2671962
    }
}